Experiment ID,Experiment Version,Tree Node Key,Schedule ID,Participant Private ID,Spreadsheet,Spreadsheet Index,Display,Trial Number,"Screen ",Screen ID,Screen Index,Screen Counter,Filename,Timestamp,Elapsed,Type,Predicted Gaze X,Predicted Gaze Y,Predicted Gaze X Normalised,Predicted Gaze Y Normalised,Zone Name,Zone UID,Zone X,Zone Y,Zone W,Zone H,Zone X Normalised,Zone Y Normalised,Zone W Normalised,Zone H Normalised
249742,1,task-dqd7,50883952,14607260,verzija_2_konacna_sa_rand,4,deo_1_vezba,2,,f1wssf,2,2,collection,1764084222885,0,zone,,,,,TopLeft,object-200,168,247.60000000000002,350,350,-0.14729574223245104,0.356156501726122,0.3775891829689298,0.503452243958573
249742,1,task-dqd7,50883952,14607260,verzija_2_konacna_sa_rand,4,deo_1_vezba,2,,f1wssf,2,2,collection,1764084222885,0,zone,,,,,TopRight,object-201,1018,797.6,350,350,0.7697065592635213,1.147295742232451,0.3775891829689298,0.503452243958573
249742,1,task-dqd7,50883952,14607260,verzija_2_konacna_sa_rand,4,deo_1_vezba,2,,f1wssf,2,2,collection,1764084222885,0,zone,,,,,BottomLeft,object-202,168,797.6,350,350,-0.14729574223245104,1.147295742232451,0.3775891829689298,0.503452243958573
249742,1,task-dqd7,50883952,14607260,verzija_2_konacna_sa_rand,4,deo_1_vezba,2,,f1wssf,2,2,collection,1764084222885,0,zone,,,,,BottomRight,object-203,1018,247.60000000000002,350,350,0.7697065592635213,0.356156501726122,0.3775891829689298,0.503452243958573
249742,1,task-dqd7,50883952,14607260,verzija_2_konacna_sa_rand,4,deo_1_vezba,2,,f1wssf,2,2,collection,1764084222885,0,zone,,,,,Image,object-204,739.0375,376.56250000000006,57.925,57.925,0.4687544951093211,0.5416606731875719,0.062491009781357874,0.08332134637514384
249742,1,task-dqd7,50883952,14607260,verzija_2_konacna_sa_rand,4,deo_1_vezba,2,,f1wssf,2,2,collection,1764084222920,0,prediction,818.881969602003,480.23457513407527,0.5331262822929707,0.690786212793549,,,,,,,,,,
249742,1,task-dqd7,50883952,14607260,verzija_2_konacna_sa_rand,4,deo_1_vezba,2,,f1wssf,2,2,collection,1764084222959,39,prediction,854.7267811530946,420.7816675782384,0.556462748146546,0.6052670707396984,,,,,,,,,,
249742,1,task-dqd7,50883952,14607260,verzija_2_konacna_sa_rand,4,deo_1_vezba,2,,f1wssf,2,2,collection,1764084222993,73,prediction,877.0454100701974,382.7952504861988,0.5709931055144514,0.5506260795256024,,,,,,,,,,
249742,1,task-dqd7,50883952,14607260,verzija_2_konacna_sa_rand,4,deo_1_vezba,2,,f1wssf,2,2,collection,1764084223025,105,prediction,911.0101520501266,369.7989519424112,0.5931055677409679,0.5319317490541012,,,,,,,,,,
249742,1,task-dqd7,50883952,14607260,verzija_2_konacna_sa_rand,4,deo_1_vezba,2,,f1wssf,2,2,collection,1764084223066,146,prediction,927.1945413055903,363.2979155671935,0.603642279495827,0.5225804309079308,,,,,,,,,,
249742,1,task-dqd7,50883952,14607260,verzija_2_konacna_sa_rand,4,deo_1_vezba,2,,f1wssf,2,2,collection,1764084223108,188,prediction,952.683022724914,365.36293970059734,0.620236342919866,0.5255508338616187,,,,,,,,,,
249742,1,task-dqd7,50883952,14607260,verzija_2_konacna_sa_rand,4,deo_1_vezba,2,,f1wssf,2,2,collection,1764084223137,217,prediction,969.4356866917423,396.7253361274521,0.6311430251899364,0.5706636020245284,,,,,,,,,,
249742,1,task-dqd7,50883952,14607260,verzija_2_konacna_sa_rand,4,deo_1_vezba,2,,f1wssf,2,2,collection,1764084223189,269,prediction,994.0965665371094,428.53294446978555,0.6471982855059306,0.6164167785813945,,,,,,,,,,
249742,1,task-dqd7,50883952,14607260,verzija_2_konacna_sa_rand,4,deo_1_vezba,2,,f1wssf,2,2,collection,1764084223231,311,prediction,1011.3637227150316,428.1913730447026,0.6584399236425987,0.6159254502944513,,,,,,,,,,
249742,1,task-dqd7,50883952,14607260,verzija_2_konacna_sa_rand,4,deo_1_vezba,2,,f1wssf,2,2,collection,1764084223266,346,prediction,1008.3150729117056,416.23363214194814,0.6564551255935583,0.598725017465403,,,,,,,,,,
249742,1,task-dqd7,50883952,14607260,verzija_2_konacna_sa_rand,4,deo_1_vezba,2,,f1wssf,2,2,collection,1764084223298,378,prediction,970.6731274957423,404.4549134398465,0.6319486507133739,0.5817820964324604,,,,,,,,,,
249742,1,task-dqd7,50883952,14607260,verzija_2_konacna_sa_rand,4,deo_1_vezba,2,,f1wssf,2,2,collection,1764084223326,406,prediction,963.8221146706128,380.0303352737085,0.6274883559053469,0.5466489287596497,,,,,,,,,,
249742,1,task-dqd7,50883952,14607260,verzija_2_konacna_sa_rand,4,deo_1_vezba,2,,f1wssf,2,2,collection,1764084223360,440,prediction,963.2377691968346,374.93429928877225,0.6271079226541892,0.5393186123256217,,,,,,,,,,
249742,1,task-dqd7,50883952,14607260,verzija_2_konacna_sa_rand,4,deo_1_vezba,2,,f1wssf,2,2,collection,1764084223386,466,prediction,947.3954461478812,374.64856542261936,0.6167939102525268,0.5389076027367942,,,,,,,,,,
249742,1,task-dqd7,50883952,14607260,verzija_2_konacna_sa_rand,4,deo_1_vezba,2,,f1wssf,2,2,collection,1764084223413,493,prediction,924.79595748819,368.27300872127176,0.602080701489707,0.5297367789431412,,,,,,,,,,
249742,1,task-dqd7,50883952,14607260,verzija_2_konacna_sa_rand,4,deo_1_vezba,2,,f1wssf,2,2,collection,1764084223453,533,prediction,899.7538836285144,381.26563641260833,0.585777267987314,0.5484258291320603,,,,,,,,,,
249742,1,task-dqd7,50883952,14607260,verzija_2_konacna_sa_rand,4,deo_1_vezba,2,,f1wssf,2,2,collection,1764084223486,566,prediction,836.2049173748799,404.4956017172769,0.544404243082604,0.5818406238741036,,,,,,,,,,
249742,1,task-dqd7,50883952,14607260,verzija_2_konacna_sa_rand,4,deo_1_vezba,2,,f1wssf,2,2,collection,1764084223518,598,prediction,802.9176523859768,430.6500843011742,0.5227328466054536,0.6194621465782137,,,,,,,,,,
249742,1,task-dqd7,50883952,14607260,verzija_2_konacna_sa_rand,4,deo_1_vezba,2,,f1wssf,2,2,collection,1764084223543,623,prediction,784.8665132256994,453.38201591577103,0.5109808028813146,0.6521605522378754,,,,,,,,,,
249742,1,task-dqd7,50883952,14607260,verzija_2_konacna_sa_rand,4,deo_1_vezba,2,,f1wssf,2,2,collection,1764084223582,662,prediction,758.4034629203633,459.9805317536669,0.49375225450544485,0.6616520882532608,,,,,,,,,,
249742,1,task-dqd7,50883952,14607260,verzija_2_konacna_sa_rand,4,deo_1_vezba,2,,f1wssf,2,2,collection,1764084223607,687,prediction,735.0442402586154,461.7439491487312,0.47854442725170276,0.6641886495234913,,,,,,,,,,
249742,1,task-dqd7,50883952,14607260,verzija_2_konacna_sa_rand,4,deo_1_vezba,2,,f1wssf,2,2,collection,1764084223641,721,prediction,702.2048175082648,463.35778234420445,0.4571645947319432,0.6665100436481651,,,,,,,,,,
249742,1,task-dqd7,50883952,14607260,verzija_2_konacna_sa_rand,4,deo_1_vezba,2,,f1wssf,2,2,collection,1764084223685,765,prediction,681.0383356725026,426.74369061083047,0.4433843331201189,0.6138430532376733,,,,,,,,,,
249742,1,task-dqd7,50883952,14607260,verzija_2_konacna_sa_rand,4,deo_1_vezba,2,,f1wssf,2,2,collection,1764084223716,796,prediction,664.0222639426413,416.3568727243792,0.43230616142099043,0.5989022910304648,,,,,,,,,,
249742,1,task-dqd7,50883952,14607260,verzija_2_konacna_sa_rand,4,deo_1_vezba,2,,f1wssf,2,2,collection,1764084223750,830,prediction,637.4602434626315,398.11082575729694,0.41501317933765075,0.572656538776319,,,,,,,,,,
249742,1,task-dqd7,50883952,14607260,verzija_2_konacna_sa_rand,4,deo_1_vezba,2,,f1wssf,2,2,collection,1764084223774,854,prediction,640.4122214243414,383.04274978965265,0.4169350399898056,0.5509820911818939,,,,,,,,,,
249742,1,task-dqd7,50883952,14607260,verzija_2_konacna_sa_rand,4,deo_1_vezba,2,,f1wssf,2,2,collection,1764084223817,897,prediction,647.62585031009,396.34518199638643,0.42163141296229817,0.5701167750235707,,,,,,,,,,
249742,1,task-dqd7,50883952,14607260,verzija_2_konacna_sa_rand,4,deo_1_vezba,2,,f1wssf,2,2,collection,1764084223850,930,prediction,615.1334044156855,427.14476218667767,0.40047747683312857,0.614419968622954,,,,,,,,,,
249742,1,task-dqd7,50883952,14607260,verzija_2_konacna_sa_rand,4,deo_1_vezba,2,,f1wssf,2,2,collection,1764084223883,963,prediction,622.0167748420109,438.2087649253954,0.40495883778776753,0.6303348172114434,,,,,,,,,,
249742,1,task-dqd7,50883952,14607260,verzija_2_konacna_sa_rand,4,deo_1_vezba,2,,f1wssf,2,2,collection,1764084223914,994,prediction,639.6593203013448,449.19959458732615,0.4164448699878547,0.6461444110864875,,,,,,,,,,
249742,1,task-dqd7,50883952,14607260,verzija_2_konacna_sa_rand,4,deo_1_vezba,2,,f1wssf,2,2,collection,1764084223947,1027,prediction,639.0940873471121,458.6696006642728,0.4160768797832761,0.6597663991143164,,,,,,,,,,
249742,1,task-dqd7,50883952,14607260,verzija_2_konacna_sa_rand,4,deo_1_vezba,2,,f1wssf,2,2,collection,1764084223990,1070,prediction,627.2438500143378,486.8736993103349,0.40836188151975117,0.7003361612634277,,,,,,,,,,
249742,1,task-dqd7,50883952,14607260,verzija_2_konacna_sa_rand,4,deo_1_vezba,2,,f1wssf,2,2,collection,1764084224022,1102,prediction,613.7826131458388,511.0306791439355,0.3995980554334888,0.735084406133394,,,,,,,,,,
249742,1,task-dqd7,50883952,14607260,verzija_2_konacna_sa_rand,4,deo_1_vezba,2,,f1wssf,2,2,collection,1764084224057,1137,prediction,638.0286402865919,530.0526260065053,0.41538322935324995,0.7624462399403126,,,,,,,,,,
249742,1,task-dqd7,50883952,14607260,verzija_2_konacna_sa_rand,4,deo_1_vezba,2,,f1wssf,2,2,collection,1764084224097,1177,prediction,652.5469838729837,552.0404129203489,0.42483527595897375,0.7940742418301912,,,,,,,,,,
249742,1,task-dqd7,50883952,14607260,verzija_2_konacna_sa_rand,4,deo_1_vezba,2,,f1wssf,2,2,collection,1764084224134,1214,prediction,668.1837342925458,549.1969000777052,0.43501545201337616,0.7899840334834655,,,,,,,,,,
249742,1,task-dqd7,50883952,14607260,verzija_2_konacna_sa_rand,4,deo_1_vezba,2,,f1wssf,2,2,collection,1764084224188,1268,prediction,684.7241318401642,561.4620099282411,0.4457839400001069,0.8076265965596102,,,,,,,,,,
249742,1,task-dqd7,50883952,14607260,verzija_2_konacna_sa_rand,4,deo_1_vezba,2,,f1wssf,2,2,collection,1764084224264,1344,prediction,685.2629507669094,567.2230875976169,0.4461347335722066,0.8159135322175156,,,,,,,,,,
249742,1,task-dqd7,50883952,14607260,verzija_2_konacna_sa_rand,4,deo_1_vezba,2,,f1wssf,2,2,collection,1764084224304,1384,prediction,636.6125050270391,576.3375472947769,0.41446126629364527,0.8290240898946732,,,,,,,,,,
249742,1,task-dqd7,50883952,14607260,verzija_2_konacna_sa_rand,4,deo_1_vezba,2,,f1wssf,2,2,collection,1764084224335,1415,prediction,585.4622850381197,576.6210923867754,0.3811603418216925,0.8294319510741879,,,,,,,,,,
249742,1,task-dqd7,50883952,14607260,verzija_2_konacna_sa_rand,4,deo_1_vezba,2,,f1wssf,2,2,collection,1764084224370,1450,prediction,541.70397337468,584.0792524289277,0.3526718576658073,0.8401600293856842,,,,,,,,,,
249742,1,task-dqd7,50883952,14607260,verzija_2_konacna_sa_rand,4,deo_1_vezba,2,,f1wssf,2,2,collection,1764084224402,1482,prediction,471.51731033459225,577.6539768145526,0.3069774155824168,0.8309176881682286,,,,,,,,,,
249742,1,task-dqd7,50883952,14607260,verzija_2_konacna_sa_rand,4,deo_1_vezba,2,,f1wssf,2,2,collection,1764084224434,1514,prediction,437.5123372419377,580.6499289659471,0.28483876122521984,0.835227170549406,,,,,,,,,,
249742,1,task-dqd7,50883952,14607260,verzija_2_konacna_sa_rand,4,deo_1_vezba,2,,f1wssf,2,2,collection,1764084224469,1549,prediction,404.8134336532279,588.5069382162401,0.26355041253465356,0.8465289675147296,,,,,,,,,,
249742,1,task-dqd7,50883952,14607260,verzija_2_konacna_sa_rand,4,deo_1_vezba,2,,f1wssf,2,2,collection,1764084224501,1581,prediction,371.55181403947336,592.9628361194195,0.24189571226528214,0.8529384869381753,,,,,,,,,,
249742,1,task-dqd7,50883952,14607260,verzija_2_konacna_sa_rand,4,deo_1_vezba,2,,f1wssf,2,2,collection,1764084224534,1614,prediction,336.0926729761641,584.8095034061982,0.21881033396885685,0.8412104479375694,,,,,,,,,,
249742,1,task-dqd7,50883952,14607260,verzija_2_konacna_sa_rand,4,deo_1_vezba,2,,f1wssf,2,2,collection,1764084224568,1648,prediction,307.50779721635877,579.0523452586017,0.20020038881273358,0.8329291502569068,,,,,,,,,,
249742,1,task-dqd7,50883952,14607260,verzija_2_konacna_sa_rand,4,deo_1_vezba,2,,f1wssf,2,2,collection,1764084224608,1688,prediction,294.05354769996814,584.4685265527536,0.1914411117838334,0.8407199749032703,,,,,,,,,,
249742,1,task-dqd7,50883952,14607260,verzija_2_konacna_sa_rand,4,deo_1_vezba,2,,f1wssf,2,2,collection,1764084224642,1722,prediction,278.5340313555896,583.3169510628841,0.18133725999712866,0.8390635084333775,,,,,,,,,,
249742,1,task-dqd7,50883952,14607260,verzija_2_konacna_sa_rand,4,deo_1_vezba,2,,f1wssf,2,2,collection,1764084224668,1748,prediction,259.6865087023088,586.7372485942788,0.16906673743639897,0.8439833840539107,,,,,,,,,,
249742,1,task-dqd7,50883952,14607260,verzija_2_konacna_sa_rand,4,deo_1_vezba,2,,f1wssf,2,2,collection,1764084224697,1777,prediction,248.81360942087693,575.789828223552,0.16198802696671674,0.8282362316219103,,,,,,,,,,
249742,1,task-dqd7,50883952,14607260,verzija_2_konacna_sa_rand,4,deo_1_vezba,2,,f1wssf,2,2,collection,1764084224749,1829,prediction,233.88500660624373,574.8548032034018,0.15226888450927326,0.8268912589231902,,,,,,,,,,
249742,1,task-dqd7,50883952,14607260,verzija_2_konacna_sa_rand,4,deo_1_vezba,2,,f1wssf,2,2,collection,1764084224801,1881,prediction,230.20399808879435,564.5974948467033,0.14987239458905882,0.8121367877541761,,,,,,,,,,
249742,1,task-dqd7,50883952,14607260,verzija_2_konacna_sa_rand,4,deo_1_vezba,2,,f1wssf,2,2,collection,1764084224832,1912,prediction,225.49445436645073,569.9929056487563,0.14680628539482468,0.8198977353980959,,,,,,,,,,
249742,1,task-dqd7,50883952,14607260,verzija_2_konacna_sa_rand,4,deo_1_vezba,2,,f1wssf,2,2,collection,1764084224864,1944,prediction,223.80534933021144,582.8509544503651,0.14570660763685642,0.8383932026040923,,,,,,,,,,
249742,1,task-dqd7,50883952,14607260,verzija_2_konacna_sa_rand,4,deo_1_vezba,2,,f1wssf,2,2,collection,1764084224895,1975,prediction,220.5268354271846,568.4365097767923,0.14357215848123997,0.8176589611288726,,,,,,,,,,
249742,1,task-dqd7,50883952,14607260,verzija_2_konacna_sa_rand,4,deo_1_vezba,2,,f1wssf,2,2,collection,1764084224929,2009,prediction,219.3141459995857,556.001836552127,0.14278264713514693,0.7997724921635888,,,,,,,,,,
249742,1,task-dqd7,50883952,14607260,verzija_2_konacna_sa_rand,4,deo_1_vezba,2,,f1wssf,2,2,collection,1764084224964,2044,prediction,213.65495449403662,551.279584777788,0.13909827766538843,0.7929798400140794,,,,,,,,,,
249742,1,task-dqd7,50883952,14607260,verzija_2_konacna_sa_rand,4,deo_1_vezba,2,,f1wssf,2,2,collection,1764084225004,2084,prediction,218.94416341195878,549.3844026803916,0.14254177305466068,0.7902537437865241,,,,,,,,,,
249742,1,task-dqd7,50883952,14607260,verzija_2_konacna_sa_rand,4,deo_1_vezba,2,,f1wssf,2,2,collection,1764084225044,2124,prediction,215.39506338907347,554.9017189861065,0.14023116106059472,0.7981900445714996,,,,,,,,,,
249742,1,task-dqd7,50883952,14607260,verzija_2_konacna_sa_rand,4,deo_1_vezba,2,,f1wssf,2,2,collection,1764084225068,2148,prediction,223.70385632581247,553.0935065007263,0.1456405314621175,0.7955890484763036,,,,,,,,,,
249742,1,task-dqd7,50883952,14607260,verzija_2_konacna_sa_rand,4,deo_1_vezba,2,,f1wssf,2,2,collection,1764084225101,2181,prediction,229.98362664671427,551.7231384893962,0.14972892359812126,0.7936178631895803,,,,,,,,,,
249742,1,task-dqd7,50883952,14607260,verzija_2_konacna_sa_rand,4,deo_1_vezba,2,,f1wssf,2,2,collection,1764084225130,2210,prediction,219.8837809758085,553.8710490723735,0.14315350323945866,0.7967074929119295,,,,,,,,,,
249742,1,task-dqd7,50883952,14607260,verzija_2_konacna_sa_rand,4,deo_1_vezba,2,,f1wssf,2,2,collection,1764084225163,2243,prediction,241.2143625889846,546.9674650936782,0.15704060064387018,0.7867771362106993,,,,,,,,,,
249742,1,task-dqd7,50883952,14607260,verzija_2_konacna_sa_rand,4,deo_1_vezba,2,,f1wssf,2,2,collection,1764084225202,2282,prediction,345.9152687377802,554.5542316863471,0.22520525308449232,0.7976902066834681,,,,,,,,,,
249742,1,task-dqd7,50883952,14607260,verzija_2_konacna_sa_rand,4,deo_1_vezba,2,,f1wssf,2,2,collection,1764084225233,2313,prediction,448.55775473464814,567.2311077064472,0.29202978823870324,0.8159250686226226,,,,,,,,,,
249742,1,task-dqd7,50883952,14607260,verzija_2_konacna_sa_rand,4,deo_1_vezba,2,,f1wssf,2,2,collection,1764084225273,2353,prediction,547.149984197511,590.0947243111692,0.3562174376285879,0.848812894578782,,,,,,,,,,
249742,1,task-dqd7,50883952,14607260,verzija_2_konacna_sa_rand,4,deo_1_vezba,2,,f1wssf,2,2,collection,1764084225307,2387,prediction,648.1544890052493,589.4652846399713,0.4219755787794592,0.8479074865362072,,,,,,,,,,
249742,1,task-dqd7,50883952,14607260,verzija_2_konacna_sa_rand,4,deo_1_vezba,2,,f1wssf,2,2,collection,1764084225342,2422,prediction,735.1097615814676,618.4941154090848,0.4785870843629347,0.8896635722225039,,,,,,,,,,
249742,1,task-dqd7,50883952,14607260,verzija_2_konacna_sa_rand,4,deo_1_vezba,2,,f1wssf,2,2,collection,1764084225376,2456,prediction,827.6614139433898,643.5128168163463,0.5388420663693944,0.9256513475494049,,,,,,,,,,
249742,1,task-dqd7,50883952,14607260,verzija_2_konacna_sa_rand,4,deo_1_vezba,2,,f1wssf,2,2,collection,1764084225401,2481,prediction,862.5554182989514,652.9205825572158,0.5615595171217131,0.9391838069004829,,,,,,,,,,
249742,1,task-dqd7,50883952,14607260,verzija_2_konacna_sa_rand,4,deo_1_vezba,2,,f1wssf,2,2,collection,1764084225442,2522,prediction,892.2856523970426,672.3211314220478,0.5809151382793246,0.9670902350719904,,,,,,,,,,
249742,1,task-dqd7,50883952,14607260,verzija_2_konacna_sa_rand,4,deo_1_vezba,2,,f1wssf,2,2,collection,1764084225468,2548,prediction,910.9891559239773,682.435178065305,0.593091898388006,0.9816386335807032,,,,,,,,,,
249742,1,task-dqd7,50883952,14607260,verzija_2_konacna_sa_rand,4,deo_1_vezba,2,,f1wssf,2,2,collection,1764084225501,2581,prediction,913.9661142043286,690.781163069577,0.5950300222684431,0.9936437903762615,,,,,,,,,,
249742,1,task-dqd7,50883952,14607260,verzija_2_konacna_sa_rand,4,deo_1_vezba,2,,f1wssf,2,2,collection,1764084225533,2613,prediction,908.8555719794831,684.0398137564738,0.5917028463408093,0.9839467976934317,,,,,,,,,,
249742,1,task-dqd7,50883952,14607260,verzija_2_konacna_sa_rand,4,deo_1_vezba,2,,f1wssf,2,2,collection,1764084225569,2649,prediction,909.1360542390947,691.7442214099201,0.5918854519785773,0.9950290871834293,,,,,,,,,,
249742,1,task-dqd7,50883952,14607260,verzija_2_konacna_sa_rand,4,deo_1_vezba,2,,f1wssf,2,2,collection,1764084225604,2684,prediction,901.9480384080464,685.8550152235784,0.5872057541719052,0.9865578469844338,,,,,,,,,,
249742,1,task-dqd7,50883952,14607260,verzija_2_konacna_sa_rand,4,deo_1_vezba,2,,f1wssf,2,2,collection,1764084225646,2726,prediction,903.1094754888982,686.7404006563679,0.5879618981047514,0.9878314163641655,,,,,,,,,,
249742,1,task-dqd7,50883952,14607260,verzija_2_konacna_sa_rand,4,deo_1_vezba,2,,f1wssf,2,2,collection,1764084225673,2753,prediction,931.34214904432,680.2746125403313,0.6063425449507291,0.9785308005470817,,,,,,,,,,
249742,1,task-dqd7,50883952,14607260,verzija_2_konacna_sa_rand,4,deo_1_vezba,2,,f1wssf,2,2,collection,1764084225706,2786,prediction,955.4787607328437,669.479161536481,0.6220564848521118,0.963002246168701,,,,,,,,,,
249742,1,task-dqd7,50883952,14607260,verzija_2_konacna_sa_rand,4,deo_1_vezba,2,,f1wssf,2,2,collection,1764084225738,2818,prediction,981.2259742385877,662.7917624415519,0.6388189936449139,0.9533828573670193,,,,,,,,,,
249742,1,task-dqd7,50883952,14607260,verzija_2_konacna_sa_rand,4,deo_1_vezba,2,,f1wssf,2,2,collection,1764084225779,2859,prediction,1032.8934577359257,645.9667364500157,0.6724566782134933,0.9291811513953044,,,,,,,,,,
249742,1,task-dqd7,50883952,14607260,verzija_2_konacna_sa_rand,4,deo_1_vezba,2,,f1wssf,2,2,collection,1764084225822,2902,prediction,1062.5542861173365,648.6643332680605,0.691767113357641,0.9330614690277049,,,,,,,,,,
249742,1,task-dqd7,50883952,14607260,verzija_2_konacna_sa_rand,4,deo_1_vezba,2,,f1wssf,2,2,collection,1764084225871,2951,prediction,1085.8337279735863,637.3604912839478,0.7069229999828036,0.9168016272784059,,,,,,,,,,
249742,1,task-dqd7,50883952,14607260,verzija_2_konacna_sa_rand,4,deo_1_vezba,2,,f1wssf,2,2,collection,1764084225914,2994,prediction,1102.5909481529243,631.3411490703458,0.7178326485370601,0.9081431948652844,,,,,,,,,,
249742,1,task-dqd7,50883952,14607260,verzija_2_konacna_sa_rand,4,deo_1_vezba,2,,f1wssf,2,2,collection,1764084225948,3028,prediction,1089.0048282374962,637.567078839927,0.7089875183837866,0.9170987900459249,,,,,,,,,,
249742,1,task-dqd7,50883952,14607260,verzija_2_konacna_sa_rand,4,deo_1_vezba,2,,f1wssf,2,2,collection,1764084225983,3063,prediction,1108.6787784884618,644.0438800140189,0.7217960797450923,0.9264152474309822,,,,,,,,,,
249742,1,task-dqd7,50883952,14607260,verzija_2_konacna_sa_rand,4,deo_1_vezba,2,,f1wssf,2,2,collection,1764084226018,3098,prediction,1124.564532066869,639.8373113135899,0.7321383672310345,0.9203643718549912,,,,,,,,,,
249742,1,task-dqd7,50883952,14607260,verzija_2_konacna_sa_rand,4,deo_1_vezba,2,,f1wssf,2,2,collection,1764084226055,3135,prediction,1128.0616965044533,648.9126247635415,0.7344151669950868,0.9334186202007214,,,,,,,,,,
249742,1,task-dqd7,50883952,14607260,verzija_2_konacna_sa_rand,4,deo_1_vezba,2,,f1wssf,2,2,collection,1764084226098,3178,prediction,1139.144217104807,635.0501467990077,0.7416303496776088,0.9134783469490905,,,,,,,,,,
249742,1,task-dqd7,50883952,14607260,verzija_2_konacna_sa_rand,4,deo_1_vezba,2,,f1wssf,2,2,collection,1764084226132,3212,prediction,1138.8741406329516,629.7796164564544,0.7414545186412446,0.9058970317267755,,,,,,,,,,
249742,1,task-dqd7,50883952,14607260,verzija_2_konacna_sa_rand,4,deo_1_vezba,2,,f1wssf,2,2,collection,1764084226166,3246,prediction,1144.7480357799416,624.4619461496992,0.7452786691275661,0.8982479087308676,,,,,,,,,,
249742,1,task-dqd7,50883952,14607260,verzija_2_konacna_sa_rand,4,deo_1_vezba,2,,f1wssf,2,2,collection,1764084226193,3273,prediction,1151.9264353827643,599.0087601831829,0.7499521063689872,0.8616351556144747,,,,,,,,,,
249742,1,task-dqd7,50883952,14607260,verzija_2_konacna_sa_rand,4,deo_1_vezba,2,,f1wssf,2,2,collection,1764084226235,3315,prediction,1156.9358344174057,601.2437785315781,0.7532134338654984,0.8648500841938694,,,,,,,,,,
249742,1,task-dqd7,50883952,14607260,verzija_2_konacna_sa_rand,4,deo_1_vezba,2,,f1wssf,2,2,collection,1764084226281,3361,prediction,1150.2394068966437,601.4877583526043,0.7488537805316691,0.8652010333035158,,,,,,,,,,
249742,1,task-dqd7,50883952,14607260,verzija_2_konacna_sa_rand,4,deo_1_vezba,2,,f1wssf,2,2,collection,1764084226321,3401,prediction,1139.98128305889,595.184361917467,0.7421753144914649,0.8561340073611434,,,,,,,,,,
249742,1,task-dqd7,50883952,14607260,verzija_2_konacna_sa_rand,4,deo_1_vezba,2,,f1wssf,2,2,collection,1764084226362,3442,prediction,1125.1528983973058,592.3873629928548,0.7325214182274126,0.8521107062612986,,,,,,,,,,
249742,1,task-dqd7,50883952,14607260,verzija_2_konacna_sa_rand,4,deo_1_vezba,2,,f1wssf,2,2,collection,1764084226395,3475,prediction,1128.992191806494,605.431561076578,0.7350209582073529,0.8708739371067001,,,,,,,,,,
249742,1,task-dqd7,50883952,14607260,verzija_2_konacna_sa_rand,4,deo_1_vezba,2,,f1wssf,2,2,collection,1764084226428,3508,prediction,1115.2746231754331,605.4786353181626,0.7260902494631726,0.8709416503425813,,,,,,,,,,
249742,1,task-dqd7,50883952,14607260,verzija_2_konacna_sa_rand,4,deo_1_vezba,2,,f1wssf,2,2,collection,1764084226470,3550,prediction,1116.4392472874908,600.9894358388929,0.7268484682861268,0.8644842287671071,,,,,,,,,,
249742,1,task-dqd7,50883952,14607260,verzija_2_konacna_sa_rand,4,deo_1_vezba,2,,f1wssf,2,2,collection,1764084226514,3594,prediction,1122.1512588633602,595.2330130472127,0.7305672258225001,0.8562039888481194,,,,,,,,,,
249742,1,task-dqd7,50883952,14607260,verzija_2_konacna_sa_rand,4,deo_1_vezba,2,,f1wssf,2,2,collection,1764084226546,3626,prediction,1111.2928357745773,591.3311035489044,0.7234979399574071,0.850591345726272,,,,,,,,,,
249742,1,task-dqd7,50883952,14607260,verzija_2_konacna_sa_rand,4,deo_1_vezba,2,,f1wssf,2,2,collection,1764084226578,3658,prediction,1053.0139987911723,584.6225275477924,0.6855559887963362,0.8409414953219108,,,,,,,,,,
249742,1,task-dqd7,50883952,14607260,verzija_2_konacna_sa_rand,4,deo_1_vezba,2,,f1wssf,2,2,collection,1764084226603,3683,prediction,940.2293312372938,579.2170514323288,0.6121284708576131,0.833166069379069,,,,,,,,,,
249742,1,task-dqd7,50883952,14607260,verzija_2_konacna_sa_rand,4,deo_1_vezba,2,,f1wssf,2,2,collection,1764084226643,3723,prediction,825.7915448860954,577.0816677334524,0.537624703701885,0.830094458765035,,,,,,,,,,
249742,1,task-dqd7,50883952,14607260,verzija_2_konacna_sa_rand,4,deo_1_vezba,2,,f1wssf,2,2,collection,1764084226679,3759,prediction,715.6222492653329,547.6636626649832,0.4658999018654511,0.7877785711521622,,,,,,,,,,
249742,1,task-dqd7,50883952,14607260,verzija_2_konacna_sa_rand,4,deo_1_vezba,2,,f1wssf,2,2,collection,1764084226714,3794,prediction,597.506317086961,518.3224476263076,0.38900150852015686,0.74557314100447,,,,,,,,,,
249742,1,task-dqd7,50883952,14607260,verzija_2_konacna_sa_rand,4,deo_1_vezba,2,,f1wssf,2,2,collection,1764084226745,3825,prediction,508.65487267350903,519.0625032961567,0.3311555160634824,0.7466376629691551,,,,,,,,,,
249742,1,task-dqd7,50883952,14607260,verzija_2_konacna_sa_rand,4,deo_1_vezba,2,,f1wssf,2,2,collection,1764084226784,3864,prediction,444.53302975284794,513.815966086098,0.289409524578677,0.739090860307966,,,,,,,,,,
249742,1,task-dqd7,50883952,14607260,verzija_2_konacna_sa_rand,4,deo_1_vezba,2,,f1wssf,2,2,collection,1764084226856,3936,prediction,392.2392743715402,503.54925167936887,0.2553641109189715,0.7243228591475386,,,,,,,,,,
249742,1,task-dqd7,50883952,14607260,verzija_2_konacna_sa_rand,4,deo_1_vezba,2,,f1wssf,2,2,collection,1764084226913,3993,prediction,334.5555621101451,471.67876593408045,0.21780961074879238,0.6784792375346381,,,,,,,,,,
249742,1,task-dqd7,50883952,14607260,verzija_2_konacna_sa_rand,4,deo_1_vezba,2,,f1wssf,2,2,collection,1764084226969,4049,prediction,307.94391102530955,477.22339396810537,0.20048431707376924,0.6864548244650537,,,,,,,,,,
249742,1,task-dqd7,50883952,14607260,verzija_2_konacna_sa_rand,4,deo_1_vezba,2,,f1wssf,2,2,collection,1764084227019,4099,prediction,299.5514888559524,490.6259223936942,0.1950205005572607,0.7057334902095717,,,,,,,,,,
249742,1,task-dqd7,50883952,14607260,verzija_2_konacna_sa_rand,4,deo_1_vezba,2,,f1wssf,2,2,collection,1764084227080,4160,prediction,291.9189629279771,499.93921788939497,0.19005140815623509,0.7191300602551711,,,,,,,,,,
249742,1,task-dqd7,50883952,14607260,verzija_2_konacna_sa_rand,4,deo_1_vezba,2,,f1wssf,2,2,collection,1764084227141,4221,prediction,314.21802785861917,523.4479510446145,0.20456902855378853,0.7529458444255098,,,,,,,,,,
249742,1,task-dqd7,50883952,14607260,verzija_2_konacna_sa_rand,4,deo_1_vezba,2,,f1wssf,2,2,collection,1764084227186,4266,prediction,356.02384044454834,550.1271951363256,0.23178635445608617,0.7913222024400539,,,,,,,,,,
249742,1,task-dqd7,50883952,14607260,verzija_2_konacna_sa_rand,4,deo_1_vezba,2,,f1wssf,2,2,collection,1764084227254,4334,prediction,363.58073645159027,565.431180758334,0.2367062086273374,0.8133359907340822,,,,,,,,,,
249742,1,task-dqd7,50883952,14607260,verzija_2_konacna_sa_rand,4,deo_1_vezba,2,,f1wssf,2,2,collection,1764084227311,4391,prediction,447.8035554456031,578.2109033420371,0.2915387730765645,0.8317187907681776,,,,,,,,,,
249742,1,task-dqd7,50883952,14607260,verzija_2_konacna_sa_rand,4,deo_1_vezba,2,,f1wssf,2,2,collection,1764084227372,4452,prediction,588.5896297384967,592.0626044880488,0.3831963735276671,0.8516435622670436,,,,,,,,,,
249742,1,task-dqd7,50883952,14607260,verzija_2_konacna_sa_rand,4,deo_1_vezba,2,,f1wssf,2,2,collection,1764084227424,4504,prediction,713.4498987258177,623.9855426413478,0.4644856111496209,0.8975626332585555,,,,,,,,,,
249742,1,task-dqd7,50883952,14607260,verzija_2_konacna_sa_rand,4,deo_1_vezba,2,,f1wssf,2,2,collection,1764084227489,4569,prediction,824.1890652895606,617.501524110751,0.5365814227145577,0.8882357941754185,,,,,,,,,,
249742,1,task-dqd7,50883952,14607260,verzija_2_konacna_sa_rand,4,deo_1_vezba,2,,f1wssf,2,2,collection,1764084227542,4622,prediction,911.9840807203938,631.8811413105248,0.593739635885673,0.9089199385939654,,,,,,,,,,
249742,1,task-dqd7,50883952,14607260,verzija_2_konacna_sa_rand,4,deo_1_vezba,2,,f1wssf,2,2,collection,1764084227588,4668,prediction,966.7025915967314,629.7563192820411,0.629363666404122,0.9058635202561005,,,,,,,,,,
249742,1,task-dqd7,50883952,14607260,verzija_2_konacna_sa_rand,4,deo_1_vezba,2,,f1wssf,2,2,collection,1764084227673,4753,prediction,1018.2626519852408,619.7910590004436,0.6629314140528911,0.8915291412549534,,,,,,,,,,
249742,1,task-dqd7,50883952,14607260,verzija_2_konacna_sa_rand,4,deo_1_vezba,2,,f1wssf,2,2,collection,1764084227724,4804,prediction,1062.6626659047597,614.6165059824891,0.6918376731150779,0.884085883173891,,,,,,,,,,
249742,1,task-dqd7,50883952,14607260,verzija_2_konacna_sa_rand,4,deo_1_vezba,2,,f1wssf,2,2,collection,1764084227766,4846,prediction,1089.7534837034036,613.8180218250982,0.7094749242860701,0.8829373156287372,,,,,,,,,,
249742,1,task-dqd7,50883952,14607260,verzija_2_konacna_sa_rand,4,deo_1_vezba,2,,f1wssf,2,2,collection,1764084227820,4900,prediction,1103.8486428412875,614.0370611137491,0.7186514601831299,0.883252389404127,,,,,,,,,,
249742,1,task-dqd7,50883952,14607260,verzija_2_konacna_sa_rand,4,deo_1_vezba,2,,f1wssf,2,2,collection,1764084227864,4944,prediction,1127.4681519669728,615.1967960715281,0.7340287447701646,0.8849205927381013,,,,,,,,,,
249742,1,task-dqd7,50883952,14607260,verzija_2_konacna_sa_rand,4,deo_1_vezba,2,,f1wssf,2,2,collection,1764084227919,4999,prediction,1145.626051635533,603.8551747500467,0.7458502940335502,0.8686064078683065,,,,,,,,,,
249742,1,task-dqd7,50883952,14607260,verzija_2_konacna_sa_rand,4,deo_1_vezba,2,,f1wssf,2,2,collection,1764084227974,5054,prediction,1146.1200494737527,586.0981317847337,0.7461719072094745,0.8430640560770047,,,,,,,,,,
249742,1,task-dqd7,50883952,14607260,verzija_2_konacna_sa_rand,4,deo_1_vezba,2,,f1wssf,2,2,collection,1764084228028,5108,prediction,1159.1878983268386,587.7218112876908,0.7546796213065355,0.8453996134748141,,,,,,,,,,
249742,1,task-dqd7,50883952,14607260,verzija_2_konacna_sa_rand,4,deo_1_vezba,2,,f1wssf,2,2,collection,1764084228084,5164,prediction,1164.974717294358,601.9383187107976,0.7584470815718477,0.8658491350845765,,,,,,,,,,
249742,1,task-dqd7,50883952,14607260,verzija_2_konacna_sa_rand,4,deo_1_vezba,2,,f1wssf,2,2,collection,1764084228141,5221,prediction,1161.7386438205867,613.4426783638964,0.7563402629040278,0.8823974084636024,,,,,,,,,,
249742,1,task-dqd7,50883952,14607260,verzija_2_konacna_sa_rand,4,deo_1_vezba,2,,f1wssf,2,2,collection,1764084228201,5281,prediction,1159.3299519668042,613.2094501825005,0.7547721041450548,0.882061924888522,,,,,,,,,,
249742,1,task-dqd7,50883952,14607260,verzija_2_konacna_sa_rand,4,deo_1_vezba,2,,f1wssf,2,2,collection,1764084228254,5334,prediction,1141.090937837536,598.887954557543,0.7428977459879792,0.8614613845764427,,,,,,,,,,
249742,1,task-dqd7,50883952,14607260,verzija_2_konacna_sa_rand,4,deo_1_vezba,2,,f1wssf,2,2,collection,1764084228305,5385,prediction,1138.8387611021349,581.7929347416973,0.7414314850925358,0.8368713100427176,,,,,,,,,,
249742,1,task-dqd7,50883952,14607260,verzija_2_konacna_sa_rand,4,deo_1_vezba,2,,f1wssf,2,2,collection,1764084228360,5440,prediction,1125.9132200511601,580.6735534729631,0.7330164193041407,0.8352611528667478,,,,,,,,,,
249742,1,task-dqd7,50883952,14607260,verzija_2_konacna_sa_rand,4,deo_1_vezba,2,,f1wssf,2,2,collection,1764084228410,5490,prediction,1128.494227668963,575.3550987617621,0.7346967628053145,0.8276109015560443,,,,,,,,,,
249742,1,task-dqd7,50883952,14607260,verzija_2_konacna_sa_rand,4,deo_1_vezba,2,,f1wssf,2,2,collection,1764084228474,5554,prediction,1114.0184831750676,589.7276228082219,0.7252724499837679,0.8482848429347265,,,,,,,,,,
249742,1,task-dqd7,50883952,14607260,verzija_2_konacna_sa_rand,4,deo_1_vezba,2,,f1wssf,2,2,collection,1764084228527,5607,prediction,1109.7085689911746,603.8695870794136,0.722466516270296,0.8686271390670506,,,,,,,,,,
249742,1,task-dqd7,50883952,14607260,verzija_2_konacna_sa_rand,4,deo_1_vezba,2,,f1wssf,2,2,collection,1764084228576,5656,prediction,1109.1480025730416,617.5186426346783,0.7221015641751573,0.8882604180590884,,,,,,,,,,
249742,1,task-dqd7,50883952,14607260,verzija_2_konacna_sa_rand,4,deo_1_vezba,2,,f1wssf,2,2,collection,1764084228630,5710,prediction,1088.337548839826,617.1525905642877,0.7085530916925951,0.8877338759555347,,,,,,,,,,
249742,1,task-dqd7,50883952,14607260,verzija_2_konacna_sa_rand,4,deo_1_vezba,2,,f1wssf,2,2,collection,1764084228682,5762,prediction,1081.7573390812895,614.3544455674353,0.7042691009643812,0.8837089263052866,,,,,,,,,,
249742,1,task-dqd7,50883952,14607260,verzija_2_konacna_sa_rand,4,deo_1_vezba,2,,f1wssf,2,2,collection,1764084228733,5813,prediction,1080.3196262675262,622.9026334696434,0.7033330900179208,0.8960049388228473,,,,,,,,,,
249742,1,task-dqd7,50883952,14607260,verzija_2_konacna_sa_rand,4,deo_1_vezba,2,,f1wssf,2,2,collection,1764084228801,5881,prediction,1081.23615130136,619.2079339667804,0.7039297860034895,0.8906903538072214,,,,,,,,,,
249742,1,task-dqd7,50883952,14607260,verzija_2_konacna_sa_rand,4,deo_1_vezba,2,,f1wssf,2,2,collection,1764084228866,5946,prediction,1092.5071023207468,611.5392655235977,0.7112676447400695,0.8796594728475225,,,,,,,,,,